{"cameraMode":{"drawMode":0,"name":"Shaded","section":"Shading Mode"},"sceneLighting":true,"audioPlay":false,"sceneViewState":{"showFog":true,"showMaterialUpdate":false,"showSkybox":false,"showFlares":true,"showImageEffects":true,"showParticleSystems":true},"in2DMode":false,"pivot":{"x":-99.11388397216797,"y":76.12564849853516,"z":123.0165023803711},"rotation":{"x":-0.06011585891246796,"y":-0.8551437258720398,"z":0.1018051877617836,"w":-0.5048488974571228},"size":8.74042797088623,"orthographic":false}