{"cameraMode":{"drawMode":0,"name":"Shaded","section":"Shading Mode"},"sceneLighting":false,"audioPlay":false,"sceneViewState":{"showFog":true,"showMaterialUpdate":false,"showSkybox":false,"showFlares":true,"showImageEffects":true,"showParticleSystems":true},"in2DMode":false,"pivot":{"x":-124.1779556274414,"y":81.08599090576172,"z":130.98779296875},"rotation":{"x":0.3815080523490906,"y":0.18981286883354188,"z":-0.08036419004201889,"w":0.9010958075523377},"size":12.631875038146973,"orthographic":false}