{"cameraMode":{"drawMode":0,"name":"Shaded","section":"Shading Mode"},"sceneLighting":false,"audioPlay":false,"sceneViewState":{"showFog":true,"showMaterialUpdate":false,"showSkybox":false,"showFlares":true,"showImageEffects":true,"showParticleSystems":true},"in2DMode":false,"pivot":{"x":-120.8708724975586,"y":80.97003936767578,"z":145.70822143554688},"rotation":{"x":0.3815080523490906,"y":0.18981286883354188,"z":-0.08036419004201889,"w":0.9010958075523377},"size":8.335570335388184,"orthographic":false}