{"cameraMode":{"drawMode":0,"name":"Shaded","section":"Shading Mode"},"sceneLighting":false,"audioPlay":false,"sceneViewState":{"showFog":true,"showMaterialUpdate":false,"showSkybox":false,"showFlares":true,"showImageEffects":true,"showParticleSystems":true},"in2DMode":false,"pivot":{"x":-104.14459991455078,"y":76.79159545898438,"z":210.85702514648438},"rotation":{"x":-0.2823868691921234,"y":0.25140339136123659,"z":-0.07691074907779694,"w":-0.9226526021957398},"size":7.649659156799316,"orthographic":false}