{"cameraMode":{"drawMode":0,"name":"Shaded","section":"Shading Mode"},"sceneLighting":false,"audioPlay":false,"sceneViewState":{"showFog":true,"showMaterialUpdate":false,"showSkybox":false,"showFlares":true,"showImageEffects":true,"showParticleSystems":true},"in2DMode":false,"pivot":{"x":0.9892578125,"y":0.6572331190109253,"z":-0.06237182393670082},"rotation":{"x":0.001477350015193224,"y":0.17312318086624146,"z":-0.00025968498084694147,"w":0.9848990440368652},"size":1.8919671773910523,"orthographic":true}