{"cameraMode":{"drawMode":0,"name":"Shaded","section":"Shading Mode"},"sceneLighting":false,"audioPlay":false,"sceneViewState":{"showFog":true,"showMaterialUpdate":false,"showSkybox":false,"showFlares":true,"showImageEffects":true,"showParticleSystems":true},"in2DMode":false,"pivot":{"x":-46.26963424682617,"y":60.448143005371097,"z":90.91616821289063},"rotation":{"x":0.08413707464933396,"y":0.6343454718589783,"z":-0.06973830610513687,"w":0.7652924060821533},"size":13.000170707702637,"orthographic":false}