{"cameraMode":{"drawMode":0,"name":"Shaded","section":"Shading Mode"},"sceneLighting":false,"audioPlay":false,"sceneViewState":{"showFog":true,"showMaterialUpdate":false,"showSkybox":false,"showFlares":true,"showImageEffects":true,"showParticleSystems":true},"in2DMode":false,"pivot":{"x":-144.94424438476563,"y":80.9369888305664,"z":146.61874389648438},"rotation":{"x":0.003593285335227847,"y":0.9672675728797913,"z":0.25368958711624148,"w":-0.012791624292731285},"size":16.136798858642579,"orthographic":false}