{"cameraMode":{"drawMode":0,"name":"Shaded","section":"Shading Mode"},"sceneLighting":true,"audioPlay":false,"sceneViewState":{"showFog":true,"showMaterialUpdate":false,"showSkybox":false,"showFlares":true,"showImageEffects":true,"showParticleSystems":true},"in2DMode":false,"pivot":{"x":-9.607745170593262,"y":-1.5948026180267335,"z":2.860706090927124},"rotation":{"x":0.05676696449518204,"y":-0.5922545194625855,"z":0.04171702265739441,"w":0.8027822971343994},"size":11.999013900756836,"orthographic":false}