{"cameraMode":{"drawMode":0,"name":"Shaded","section":"Shading Mode"},"sceneLighting":false,"audioPlay":false,"sceneViewState":{"showFog":true,"showMaterialUpdate":false,"showSkybox":false,"showFlares":true,"showImageEffects":true,"showParticleSystems":true},"in2DMode":false,"pivot":{"x":-81.40229797363281,"y":78.61421966552735,"z":66.91587829589844},"rotation":{"x":0.23581701517105103,"y":-0.6237335205078125,"z":0.205311581492424,"w":0.7163878679275513},"size":22.008323669433595,"orthographic":false}