{"cameraMode":{"drawMode":0,"name":"Shaded","section":"Shading Mode"},"sceneLighting":false,"audioPlay":false,"sceneViewState":{"showFog":true,"showMaterialUpdate":false,"showSkybox":false,"showFlares":true,"showImageEffects":true,"showParticleSystems":true},"in2DMode":false,"pivot":{"x":-98.98857879638672,"y":77.28226470947266,"z":104.83979797363281},"rotation":{"x":-0.1303664892911911,"y":0.819602370262146,"z":-0.20573419332504273,"w":-0.5188692808151245},"size":25.979732513427736,"orthographic":false}