{"cameraMode":{"drawMode":0,"name":"Shaded","section":"Shading Mode"},"sceneLighting":true,"audioPlay":false,"sceneViewState":{"showFog":true,"showMaterialUpdate":false,"showSkybox":true,"showFlares":true,"showImageEffects":true,"showParticleSystems":true},"in2DMode":false,"pivot":{"x":-172.97000122070313,"y":80.91999816894531,"z":78.47000122070313},"rotation":{"x":0.03556625917553902,"y":0.9178098440170288,"z":-0.08450103551149368,"w":0.3863030970096588},"size":8.823027610778809,"orthographic":false}