{"cameraMode":{"drawMode":0,"name":"Shaded","section":"Shading Mode"},"sceneLighting":false,"audioPlay":false,"sceneViewState":{"showFog":true,"showMaterialUpdate":false,"showSkybox":false,"showFlares":true,"showImageEffects":true,"showParticleSystems":true},"in2DMode":false,"pivot":{"x":-101.59097290039063,"y":79.0999984741211,"z":126.98776245117188},"rotation":{"x":0.3815080523490906,"y":0.18981286883354188,"z":-0.08036419004201889,"w":0.9010958075523377},"size":14.394274711608887,"orthographic":false}