{"cameraMode":{"drawMode":0,"name":"Shaded","section":"Shading Mode"},"sceneLighting":false,"audioPlay":false,"sceneViewState":{"showFog":true,"showMaterialUpdate":false,"showSkybox":false,"showFlares":true,"showImageEffects":true,"showParticleSystems":true},"in2DMode":false,"pivot":{"x":-137.40113830566407,"y":78.88484954833985,"z":58.27181625366211},"rotation":{"x":0.18336449563503266,"y":0.6806768178939819,"z":-0.1816033124923706,"w":0.6857784390449524},"size":72.45655059814453,"orthographic":false}