{"cameraMode":{"drawMode":0,"name":"Shaded","section":"Shading Mode"},"sceneLighting":false,"audioPlay":false,"sceneViewState":{"showFog":true,"showMaterialUpdate":false,"showSkybox":false,"showFlares":true,"showImageEffects":true,"showParticleSystems":true},"in2DMode":false,"pivot":{"x":-124.08621215820313,"y":80.92195129394531,"z":114.6841049194336},"rotation":{"x":0.1966293305158615,"y":0.7850594520568848,"z":-0.3090202510356903,"w":0.4995339810848236},"size":28.472761154174806,"orthographic":false}