{"cameraMode":{"drawMode":0,"name":"Shaded","section":"Shading Mode"},"sceneLighting":false,"audioPlay":false,"sceneViewState":{"showFog":true,"showMaterialUpdate":false,"showSkybox":false,"showFlares":true,"showImageEffects":true,"showParticleSystems":true},"in2DMode":false,"pivot":{"x":-115.1444091796875,"y":77.6866226196289,"z":129.89987182617188},"rotation":{"x":0.016859881579875947,"y":0.9806106686592102,"z":-0.09739506244659424,"w":0.16955330967903138},"size":4.752187728881836,"orthographic":false}