{"cameraMode":{"drawMode":0,"name":"Shaded","section":"Shading Mode"},"sceneLighting":false,"audioPlay":false,"sceneViewState":{"showFog":true,"showMaterialUpdate":false,"showSkybox":false,"showFlares":true,"showImageEffects":true,"showParticleSystems":true},"in2DMode":false,"pivot":{"x":-75.39263916015625,"y":77.1222152709961,"z":101.68569946289063},"rotation":{"x":-0.1303664892911911,"y":0.819602370262146,"z":-0.20573419332504273,"w":-0.5188692808151245},"size":27.36327362060547,"orthographic":false}