{"cameraMode":{"drawMode":0,"name":"Shaded","section":"Shading Mode"},"sceneLighting":false,"audioPlay":false,"sceneViewState":{"showFog":true,"showMaterialUpdate":false,"showSkybox":false,"showFlares":true,"showImageEffects":true,"showParticleSystems":true},"in2DMode":false,"pivot":{"x":-108.18196105957031,"y":76.14521026611328,"z":183.07571411132813},"rotation":{"x":0.24185442924499513,"y":0.7574066519737244,"z":-0.4088926315307617,"w":0.44810062646865847},"size":9.648425102233887,"orthographic":false}