{"cameraMode":{"drawMode":0,"name":"Shaded","section":"Shading Mode"},"sceneLighting":false,"audioPlay":false,"sceneViewState":{"showFog":true,"showMaterialUpdate":false,"showSkybox":false,"showFlares":true,"showImageEffects":true,"showParticleSystems":true},"in2DMode":false,"pivot":{"x":-122.97906494140625,"y":76.94689178466797,"z":104.22941589355469},"rotation":{"x":0.3815080523490906,"y":0.18981286883354188,"z":-0.08036419004201889,"w":0.9010958075523377},"size":25.988656997680665,"orthographic":false}