{"cameraMode":{"drawMode":0,"name":"Shaded","section":"Shading Mode"},"sceneLighting":false,"audioPlay":false,"sceneViewState":{"showFog":true,"showMaterialUpdate":false,"showSkybox":false,"showFlares":true,"showImageEffects":true,"showParticleSystems":true},"in2DMode":false,"pivot":{"x":-113.93561553955078,"y":77.35773468017578,"z":136.5282745361328},"rotation":{"x":0.012680255807936192,"y":0.9757006168365479,"z":-0.21102666854858399,"w":0.058832693845033649},"size":9.694276809692383,"orthographic":false}