{"cameraMode":{"drawMode":0,"name":"Shaded","section":"Shading Mode"},"sceneLighting":true,"audioPlay":false,"sceneViewState":{"showFog":true,"showMaterialUpdate":false,"showSkybox":false,"showFlares":true,"showImageEffects":true,"showParticleSystems":true},"in2DMode":false,"pivot":{"x":-147.136962890625,"y":0.06772041320800781,"z":40.087154388427737},"rotation":{"x":-0.0915934145450592,"y":0.6700186133384705,"z":-0.08385099470615387,"w":-0.731884777545929},"size":22.287492752075197,"orthographic":true}