{"cameraMode":{"drawMode":0,"name":"Shaded","section":"Shading Mode"},"sceneLighting":true,"audioPlay":false,"sceneViewState":{"showFog":true,"showMaterialUpdate":false,"showSkybox":false,"showFlares":true,"showImageEffects":true,"showParticleSystems":true},"in2DMode":false,"pivot":{"x":0.13899660110473634,"y":0.06018080934882164,"z":-0.07108335942029953},"rotation":{"x":0.06675934791564942,"y":-0.5414292812347412,"z":0.043024905025959018,"w":0.8370981216430664},"size":4.876482009887695,"orthographic":false}