{"cameraMode":{"drawMode":0,"name":"Shaded","section":"Shading Mode"},"sceneLighting":false,"audioPlay":false,"sceneViewState":{"showFog":true,"showMaterialUpdate":false,"showSkybox":false,"showFlares":true,"showImageEffects":true,"showParticleSystems":true},"in2DMode":false,"pivot":{"x":-104.38654327392578,"y":77.74205017089844,"z":199.69235229492188},"rotation":{"x":-0.2823868691921234,"y":0.25140339136123659,"z":-0.07691074907779694,"w":-0.9226526021957398},"size":14.529595375061036,"orthographic":false}