{"cameraMode":{"drawMode":0,"name":"Shaded","section":"Shading Mode"},"sceneLighting":false,"audioPlay":false,"sceneViewState":{"showFog":true,"showMaterialUpdate":false,"showSkybox":false,"showFlares":true,"showImageEffects":true,"showParticleSystems":true},"in2DMode":false,"pivot":{"x":-111.89093780517578,"y":76.94380187988281,"z":160.82029724121095},"rotation":{"x":0.11444379389286041,"y":0.8652003407478333,"z":-0.4308292269706726,"w":0.22991593182086945},"size":9.82609748840332,"orthographic":false}