{"cameraMode":{"drawMode":0,"name":"Shaded","section":"Shading Mode"},"sceneLighting":false,"audioPlay":false,"sceneViewState":{"showFog":true,"showMaterialUpdate":false,"showSkybox":false,"showFlares":true,"showImageEffects":true,"showParticleSystems":true},"in2DMode":false,"pivot":{"x":-138.53782653808595,"y":80.107666015625,"z":176.9679718017578},"rotation":{"x":0.06618502736091614,"y":-0.7085731625556946,"z":0.06726453453302384,"w":0.6994072794914246},"size":15.582042694091797,"orthographic":false}