{"cameraMode":{"drawMode":0,"name":"Shaded","section":"Shading Mode"},"sceneLighting":true,"audioPlay":false,"sceneViewState":{"showFog":true,"showMaterialUpdate":false,"showSkybox":false,"showFlares":true,"showImageEffects":true,"showParticleSystems":true},"in2DMode":false,"pivot":{"x":-0.7849367260932922,"y":3.5004615783691408,"z":-3.7021260261535646},"rotation":{"x":0.004205656703561544,"y":-0.9914017915725708,"z":0.031215809285640718,"w":0.12778347730636598},"size":7.366416931152344,"orthographic":false}