{"cameraMode":{"drawMode":0,"name":"Shaded","section":"Shading Mode"},"sceneLighting":false,"audioPlay":false,"sceneViewState":{"showFog":true,"showMaterialUpdate":false,"showSkybox":false,"showFlares":true,"showImageEffects":true,"showParticleSystems":true},"in2DMode":false,"pivot":{"x":-120.18101501464844,"y":78.8434829711914,"z":152.3597412109375},"rotation":{"x":0.1966293305158615,"y":0.7850594520568848,"z":-0.3090202510356903,"w":0.4995339810848236},"size":18.51956558227539,"orthographic":false}