{"cameraMode":{"drawMode":0,"name":"Shaded","section":"Shading Mode"},"sceneLighting":false,"audioPlay":false,"sceneViewState":{"showFog":true,"showMaterialUpdate":false,"showSkybox":false,"showFlares":true,"showImageEffects":true,"showParticleSystems":true},"in2DMode":false,"pivot":{"x":-101.86474609375,"y":79.19999694824219,"z":123.09671020507813},"rotation":{"x":0.3815080523490906,"y":0.18981286883354188,"z":-0.08036419004201889,"w":0.9010958075523377},"size":14.301434516906739,"orthographic":false}