{"cameraMode":{"drawMode":0,"name":"Shaded","section":"Shading Mode"},"sceneLighting":false,"audioPlay":false,"sceneViewState":{"showFog":true,"showMaterialUpdate":false,"showSkybox":false,"showFlares":true,"showImageEffects":true,"showParticleSystems":true},"in2DMode":false,"pivot":{"x":-112.5846176147461,"y":76.61990356445313,"z":154.13214111328126},"rotation":{"x":0.15578970313072205,"y":0.8342759013175964,"z":-0.29701805114746096,"w":0.43776896595954897},"size":14.167871475219727,"orthographic":false}