{"cameraMode":{"drawMode":0,"name":"Shaded","section":"Shading Mode"},"sceneLighting":false,"audioPlay":false,"sceneViewState":{"showFog":true,"showMaterialUpdate":false,"showSkybox":false,"showFlares":true,"showImageEffects":true,"showParticleSystems":true},"in2DMode":false,"pivot":{"x":-118.43436431884766,"y":79.28765869140625,"z":161.09927368164063},"rotation":{"x":0.1966293305158615,"y":0.7850594520568848,"z":-0.3090202510356903,"w":0.4995339810848236},"size":24.249488830566408,"orthographic":false}