{"cameraMode":{"drawMode":0,"name":"Shaded","section":"Shading Mode"},"sceneLighting":false,"audioPlay":false,"sceneViewState":{"showFog":true,"showMaterialUpdate":false,"showSkybox":false,"showFlares":true,"showImageEffects":true,"showParticleSystems":true},"in2DMode":false,"pivot":{"x":-118.43436431884766,"y":79.28765869140625,"z":161.09927368164063},"rotation":{"x":-0.20559528470039369,"y":0.5679445862770081,"z":-0.14914722740650178,"w":-0.782896876335144},"size":24.249488830566408,"orthographic":false}