{"cameraMode":{"drawMode":0,"name":"Shaded","section":"Shading Mode"},"sceneLighting":false,"audioPlay":false,"sceneViewState":{"showFog":true,"showMaterialUpdate":true,"showSkybox":false,"showFlares":true,"showImageEffects":true,"showParticleSystems":true},"in2DMode":false,"pivot":{"x":-191.53704833984376,"y":73.99652862548828,"z":146.35289001464845},"rotation":{"x":-0.12993653118610383,"y":-0.15722854435443879,"z":0.023218825459480287,"w":-0.9790856242179871},"size":2.415127754211426,"orthographic":false}