{"cameraMode":{"drawMode":0,"name":"Shaded","section":"Shading Mode"},"sceneLighting":false,"audioPlay":false,"sceneViewState":{"showFog":true,"showMaterialUpdate":true,"showSkybox":false,"showFlares":true,"showImageEffects":true,"showParticleSystems":true},"in2DMode":false,"pivot":{"x":-141.22500610351563,"y":78.51611328125,"z":115.83352661132813},"rotation":{"x":0.06296411156654358,"y":-0.15172818303108216,"z":0.006979446858167648,"w":0.986821174621582},"size":13.149075508117676,"orthographic":false}