{"cameraMode":{"drawMode":0,"name":"Shaded","section":"Shading Mode"},"sceneLighting":false,"audioPlay":false,"sceneViewState":{"showFog":true,"showMaterialUpdate":false,"showSkybox":false,"showFlares":true,"showImageEffects":true,"showParticleSystems":true},"in2DMode":false,"pivot":{"x":-120.8708724975586,"y":80.97003936767578,"z":145.70822143554688},"rotation":{"x":-0.3130040466785431,"y":-0.0028326751198619606,"z":0.0010393441189080477,"w":-0.9499024748802185},"size":8.335570335388184,"orthographic":false}