{"cameraMode":{"drawMode":0,"name":"Shaded","section":"Shading Mode"},"sceneLighting":false,"audioPlay":false,"sceneViewState":{"showFog":true,"showMaterialUpdate":true,"showSkybox":false,"showFlares":true,"showImageEffects":true,"showParticleSystems":true},"in2DMode":false,"pivot":{"x":-180.71609497070313,"y":74.38037109375,"z":150.27029418945313},"rotation":{"x":-0.014931251294910908,"y":-0.868649959564209,"z":0.028110556304454805,"w":-0.4950028657913208},"size":6.747535228729248,"orthographic":false}