{"cameraMode":{"drawMode":0,"name":"Shaded","section":"Shading Mode"},"sceneLighting":true,"audioPlay":false,"sceneViewState":{"showFog":true,"showMaterialUpdate":false,"showSkybox":false,"showFlares":true,"showImageEffects":true,"showParticleSystems":true},"in2DMode":false,"pivot":{"x":-6.177845001220703,"y":0.030244827270507814,"z":12.610233306884766},"rotation":{"x":-0.02660086750984192,"y":-0.31101763248443606,"z":0.006547370459884405,"w":-0.950311541557312},"size":29.52234649658203,"orthographic":false}