{"cameraMode":{"drawMode":0,"name":"Shaded","section":"Shading Mode"},"sceneLighting":false,"audioPlay":false,"sceneViewState":{"showFog":true,"showMaterialUpdate":true,"showSkybox":false,"showFlares":true,"showImageEffects":true,"showParticleSystems":true},"in2DMode":false,"pivot":{"x":-113.09132385253906,"y":76.91212463378906,"z":146.08984375},"rotation":{"x":-0.10575452446937561,"y":-0.7486193776130676,"z":0.12617449462413789,"w":-0.6428287029266357},"size":6.94404411315918,"orthographic":false}