{"cameraMode":{"drawMode":0,"name":"Shaded","section":"Shading Mode"},"sceneLighting":true,"audioPlay":false,"sceneViewState":{"showFog":true,"showMaterialUpdate":false,"showSkybox":false,"showFlares":true,"showImageEffects":true,"showParticleSystems":true},"in2DMode":false,"pivot":{"x":-0.0024137496948242189,"y":0.7899999618530273,"z":1.9657649993896485},"rotation":{"x":-0.02525734156370163,"y":-0.9721696376800537,"z":0.10977143794298172,"w":-0.20774932205677033},"size":40.010372161865237,"orthographic":false}