{"cameraMode":{"drawMode":0,"name":"Shaded","section":"Shading Mode"},"sceneLighting":false,"audioPlay":false,"sceneViewState":{"showFog":true,"showMaterialUpdate":true,"showSkybox":false,"showFlares":true,"showImageEffects":true,"showParticleSystems":true},"in2DMode":false,"pivot":{"x":-101.79225158691406,"y":77.10758972167969,"z":218.14332580566407},"rotation":{"x":-0.06246616691350937,"y":-0.7760588526725769,"z":0.08087427914142609,"w":-0.6229424476623535},"size":7.971955299377441,"orthographic":false}