{"cameraMode":{"drawMode":0,"name":"Shaded","section":"Shading Mode"},"sceneLighting":false,"audioPlay":false,"sceneViewState":{"showFog":true,"showMaterialUpdate":false,"showSkybox":false,"showFlares":true,"showImageEffects":true,"showParticleSystems":true},"in2DMode":false,"pivot":{"x":-112.80293273925781,"y":54.7418098449707,"z":56.131595611572269},"rotation":{"x":0.07649245858192444,"y":-0.7850492000579834,"z":0.09823837876319885,"w":0.6070144772529602},"size":7.351675987243652,"orthographic":false}