{"cameraMode":{"drawMode":0,"name":"Shaded","section":"Shading Mode"},"sceneLighting":false,"audioPlay":false,"sceneViewState":{"showFog":true,"showMaterialUpdate":true,"showSkybox":false,"showFlares":true,"showImageEffects":true,"showParticleSystems":true},"in2DMode":false,"pivot":{"x":-98.36631774902344,"y":78.53843688964844,"z":123.30989837646485},"rotation":{"x":-0.014127105474472046,"y":-0.697430431842804,"z":-0.015153087675571442,"w":0.7167423367500305},"size":4.087975025177002,"orthographic":false}