{"cameraMode":{"drawMode":0,"name":"Shaded","section":"Shading Mode"},"sceneLighting":false,"audioPlay":false,"sceneViewState":{"showFog":true,"showMaterialUpdate":false,"showSkybox":false,"showFlares":true,"showImageEffects":true,"showParticleSystems":true},"in2DMode":false,"pivot":{"x":-124.50492858886719,"y":78.7684326171875,"z":123.20629119873047},"rotation":{"x":-0.20559528470039369,"y":0.5679445862770081,"z":-0.14914722740650178,"w":-0.782896876335144},"size":20.30696678161621,"orthographic":false}