{"cameraMode":{"drawMode":0,"name":"Shaded","section":"Shading Mode"},"sceneLighting":false,"audioPlay":false,"sceneViewState":{"showFog":true,"showMaterialUpdate":false,"showSkybox":false,"showFlares":true,"showImageEffects":true,"showParticleSystems":true},"in2DMode":false,"pivot":{"x":-120.18101501464844,"y":78.8434829711914,"z":152.3597412109375},"rotation":{"x":-0.20559528470039369,"y":0.5679445862770081,"z":-0.14914722740650178,"w":-0.782896876335144},"size":18.51956558227539,"orthographic":false}