{"cameraMode":{"drawMode":0,"name":"Shaded","section":"Shading Mode"},"sceneLighting":false,"audioPlay":false,"sceneViewState":{"showFog":true,"showMaterialUpdate":false,"showSkybox":false,"showFlares":true,"showImageEffects":true,"showParticleSystems":true},"in2DMode":false,"pivot":{"x":-123.01777648925781,"y":76.9566421508789,"z":133.47438049316407},"rotation":{"x":-0.12915951013565064,"y":0.847412109375,"z":-0.24029484391212464,"w":-0.45548778772354128},"size":10.654460906982422,"orthographic":false}