{"cameraMode":{"drawMode":0,"name":"Shaded","section":"Shading Mode"},"sceneLighting":false,"audioPlay":false,"sceneViewState":{"showFog":true,"showMaterialUpdate":false,"showSkybox":false,"showFlares":true,"showImageEffects":true,"showParticleSystems":true},"in2DMode":false,"pivot":{"x":-122.97906494140625,"y":76.94689178466797,"z":104.22941589355469},"rotation":{"x":-0.3130040466785431,"y":-0.0028326751198619606,"z":0.0010393441189080477,"w":-0.9499024748802185},"size":25.988656997680665,"orthographic":false}