{"cameraMode":{"drawMode":0,"name":"Shaded","section":"Shading Mode"},"sceneLighting":false,"audioPlay":false,"sceneViewState":{"showFog":true,"showMaterialUpdate":false,"showSkybox":false,"showFlares":true,"showImageEffects":true,"showParticleSystems":true},"in2DMode":false,"pivot":{"x":-122.98233032226563,"y":76.7740707397461,"z":129.3450164794922},"rotation":{"x":-0.20559528470039369,"y":0.5679445862770081,"z":-0.14914722740650178,"w":-0.782896876335144},"size":5.24144172668457,"orthographic":false}