{"cameraMode":{"drawMode":0,"name":"Shaded","section":"Shading Mode"},"sceneLighting":true,"audioPlay":false,"sceneViewState":{"showFog":true,"showMaterialUpdate":true,"showSkybox":true,"showFlares":true,"showImageEffects":true,"showParticleSystems":true},"in2DMode":false,"pivot":{"x":-192.19000244140626,"y":74.00643920898438,"z":145.85044860839845},"rotation":{"x":-0.05955396965146065,"y":0.6530372500419617,"z":-0.051628321409225467,"w":-0.7532206773757935},"size":4.295074462890625,"orthographic":false}