{"cameraMode":{"drawMode":0,"name":"Shaded","section":"Shading Mode"},"sceneLighting":false,"audioPlay":false,"sceneViewState":{"showFog":true,"showMaterialUpdate":true,"showSkybox":false,"showFlares":true,"showImageEffects":true,"showParticleSystems":true},"in2DMode":false,"pivot":{"x":-125.89552307128906,"y":79.7884292602539,"z":80.46397399902344},"rotation":{"x":-0.055245719850063327,"y":0.8089452385902405,"z":-0.07324129343032837,"w":-0.5813239812850952},"size":23.925397872924806,"orthographic":false}