{"cameraMode":{"drawMode":0,"name":"Shaded","section":"Shading Mode"},"sceneLighting":false,"audioPlay":false,"sceneViewState":{"showFog":true,"showMaterialUpdate":false,"showSkybox":false,"showFlares":true,"showImageEffects":true,"showParticleSystems":true},"in2DMode":false,"pivot":{"x":-124.1779556274414,"y":81.08599090576172,"z":130.98779296875},"rotation":{"x":-0.3130040466785431,"y":-0.0028326751198619606,"z":0.0010393441189080477,"w":-0.9499024748802185},"size":12.631875038146973,"orthographic":false}