{"cameraMode":{"drawMode":0,"name":"Shaded","section":"Shading Mode"},"sceneLighting":false,"audioPlay":false,"sceneViewState":{"showFog":true,"showMaterialUpdate":false,"showSkybox":false,"showFlares":true,"showImageEffects":true,"showParticleSystems":true},"in2DMode":false,"pivot":{"x":2.282407283782959,"y":10.180001258850098,"z":18.338098526000978},"rotation":{"x":-0.18930865824222566,"y":0.7937383055686951,"z":-0.3239933252334595,"w":-0.48033711314201357},"size":22.572439193725587,"orthographic":false}